,company,hierarchy_level,job_since,years_at_job,company2,hierarchy_level2,school,job2_start,job2_end2,job2_duration,approx_work_xp,job_field_Account Strategist,job_field_Board/CEO,job_field_Business,job_field_Consultant,job_field_Finance,job_field_HR,job_field_IT,job_field_IT/Data,job_field_Marketing,job_field_Operations,job_field_Product,job_field_Quality,job_field_R&D,job_field_other,job_field2_Account Strategist,job_field2_Board/CEO,job_field2_Business,job_field2_Consultant,job_field2_Finance,job_field2_HR,job_field2_IT,job_field2_IT/Data,job_field2_Marketing,job_field2_Product,job_field2_R&D,job_field2_other
0,1,5,2020,2,1,2,0,2019,2022,3,7,0,0,0,0,0,0,0,1,0,0,0,0,0,0,0,0,0,1,0,0,0,0,0,0,0,0
1,1,12,2018,4,1,1,2,2020,2022,2,5,0,0,1,0,0,0,0,0,0,0,0,0,0,0,0,0,0,0,0,0,0,0,0,0,0,1
2,1,9,2021,1,1,6,0,2020,2021,1,25,0,0,1,0,0,0,0,0,0,0,0,0,0,0,0,0,0,0,0,0,0,0,0,0,0,1
3,1,4,2020,2,1,3,0,2018,2020,2,1,0,0,1,0,0,0,0,0,0,0,0,0,0,0,0,0,1,0,0,0,0,0,0,0,0,0
4,1,5,2021,1,1,4,0,2018,2021,3,13,0,0,1,0,0,0,0,0,0,0,0,0,0,0,0,0,0,0,0,0,1,0,0,0,0,0
5,1,8,2021,1,1,5,0,2019,2021,2,3,0,0,0,0,0,1,0,0,0,0,0,0,0,0,0,0,0,0,0,1,0,0,0,0,0,0
6,1,1,2017,5,1,8,3,2018,2020,2,10,0,0,0,1,0,0,0,0,0,0,0,0,0,0,0,0,1,0,0,0,0,0,0,0,0,0
7,1,6,2022,0,1,3,0,2019,2022,3,12,0,0,0,0,0,0,0,1,0,0,0,0,0,0,0,0,0,0,0,0,0,1,0,0,0,0
8,1,3,2020,2,1,3,0,2017,2020,3,13,0,0,0,0,0,0,0,0,1,0,0,0,0,0,0,0,0,0,0,0,0,0,1,0,0,0
9,1,3,2021,1,1,3,0,2021,2021,0,1,0,0,0,0,0,0,0,0,0,0,1,0,0,0,0,0,0,0,0,0,0,0,0,1,0,0
10,1,3,2019,3,1,1,0,2016,2019,3,7,0,0,1,0,0,0,0,0,0,0,0,0,0,0,0,0,1,0,0,0,0,0,0,0,0,0
11,0,1,2011,3,0,1,0,2008,2010,2,15,0,0,0,0,0,0,0,1,0,0,0,0,0,0,0,0,0,0,0,0,1,0,0,0,0,0
12,1,6,2022,0,1,6,0,2019,2022,3,16,0,0,0,0,0,0,0,1,0,0,0,0,0,0,0,0,0,0,0,0,0,1,0,0,0,0
13,1,2,2019,3,1,6,0,2017,2019,2,1,0,0,1,0,0,0,0,0,0,0,0,0,0,0,0,0,1,0,0,0,0,0,0,0,0,0
14,1,1,2015,7,1,5,0,2017,2022,5,14,0,0,1,0,0,0,0,0,0,0,0,0,0,0,0,0,0,0,0,0,0,0,1,0,0,0
15,1,8,2021,1,1,5,0,2019,2021,2,11,0,0,0,0,0,1,0,0,0,0,0,0,0,0,0,0,0,0,0,1,0,0,0,0,0,0
16,1,8,2021,1,1,8,2,2015,2021,6,15,0,0,1,0,0,0,0,0,0,0,0,0,0,0,0,0,0,0,0,0,0,0,1,0,0,0
17,1,5,2020,2,1,1,2,2020,2022,2,15,0,0,0,0,0,0,0,1,0,0,0,0,0,0,0,0,0,1,0,0,0,0,0,0,0,0
18,1,3,2021,1,1,3,2,2018,2021,3,-1,0,0,0,0,0,0,0,0,0,1,0,0,0,0,0,0,1,0,0,0,0,0,0,0,0,0
19,1,3,2021,1,1,5,3,2019,2021,2,15,0,0,0,0,0,0,0,0,0,0,1,0,0,0,0,0,0,0,0,0,0,0,0,1,0,0
20,1,1,2021,1,1,1,2,2019,2021,2,4,0,0,1,0,0,0,0,0,0,0,0,0,0,0,0,0,1,0,0,0,0,0,0,0,0,0
21,1,5,2021,1,1,3,0,2018,2021,3,8,0,0,0,0,0,1,0,0,0,0,0,0,0,0,0,0,0,0,0,1,0,0,0,0,0,0
22,1,4,2020,2,1,3,0,2018,2020,2,10,0,0,1,0,0,0,0,0,0,0,0,0,0,0,0,0,0,0,0,1,0,0,0,0,0,0
23,1,4,2020,2,1,2,0,2019,2020,1,6,0,0,0,0,0,1,0,0,0,0,0,0,0,0,0,0,0,0,0,0,0,0,0,1,0,0
24,1,3,2020,2,1,1,0,2019,2019,0,4,0,0,1,0,0,0,0,0,0,0,0,0,0,0,0,0,1,0,0,0,0,0,0,0,0,0
25,1,12,2019,3,1,2,0,2018,2019,1,9,0,0,1,0,0,0,0,0,0,0,0,0,0,0,0,0,0,0,0,0,0,1,0,0,0,0
26,1,5,2018,4,1,3,2,2018,2018,0,5,0,0,1,0,0,0,0,0,0,0,0,0,0,0,0,0,0,0,0,0,0,1,0,0,0,0
27,1,6,2021,1,1,5,0,2021,2021,0,16,0,0,0,0,0,0,0,1,0,0,0,0,0,0,0,0,0,0,0,0,0,0,0,1,0,0
28,1,3,2021,1,1,3,0,2020,2021,1,6,0,0,0,0,0,0,0,1,0,0,0,0,0,0,0,0,1,0,0,0,0,0,0,0,0,0
29,1,9,2021,1,1,6,0,2020,2021,1,13,0,0,0,0,0,0,1,0,0,0,0,0,0,0,0,0,0,0,0,0,1,0,0,0,0,0
30,1,3,2021,1,1,1,0,2020,2021,1,8,0,0,1,0,0,0,0,0,0,0,0,0,0,0,0,0,0,0,0,0,1,0,0,0,0,0
31,1,12,2020,2,1,5,2,2019,2021,2,18,0,0,0,0,0,0,0,0,1,0,0,0,0,0,0,0,0,0,0,0,0,0,1,0,0,0
32,1,12,2015,7,1,12,0,2021,2022,1,26,0,0,1,0,0,0,0,0,0,0,0,0,0,0,0,0,1,0,0,0,0,0,0,0,0,0
33,1,4,2020,2,1,9,0,2020,2020,0,19,0,0,0,0,0,0,0,0,1,0,0,0,0,0,0,0,0,0,0,0,1,0,0,0,0,0
34,1,4,2021,1,1,1,2,2017,2021,4,9,0,0,0,0,0,0,0,1,0,0,0,0,0,0,0,0,1,0,0,0,0,0,0,0,0,0
35,1,5,2021,1,1,5,2,2019,2021,2,15,0,0,0,0,0,0,0,1,0,0,0,0,0,0,0,0,0,0,0,0,0,1,0,0,0,0
36,1,6,2022,0,1,3,0,2018,2022,4,12,0,0,1,0,0,0,0,0,0,0,0,0,0,0,0,0,1,0,0,0,0,0,0,0,0,0
37,1,8,2019,3,1,9,0,2018,2019,1,9,0,0,0,0,0,0,0,0,1,0,0,0,0,0,0,0,0,0,0,0,0,0,1,0,0,0
38,1,5,2021,1,1,8,0,2019,2022,3,10,0,0,0,0,0,0,0,0,0,0,1,0,0,0,0,0,1,0,0,0,0,0,0,0,0,0
39,1,2,2018,4,1,5,0,2016,2022,6,-1,0,0,1,0,0,0,0,0,0,0,0,0,0,0,0,0,1,0,0,0,0,0,0,0,0,0
40,1,8,2019,3,1,1,3,2015,2022,7,6,0,1,0,0,0,0,0,0,0,0,0,0,0,0,0,0,0,0,0,0,0,0,0,0,0,1
41,1,3,2021,1,1,1,0,2019,2022,3,2,0,0,0,0,0,0,0,0,0,0,1,0,0,0,0,0,0,0,0,0,0,0,0,1,0,0
42,1,5,2021,1,1,2,0,2019,2022,3,9,0,0,0,0,0,0,0,1,0,0,0,0,0,0,0,0,0,0,0,0,0,1,0,0,0,0
43,1,1,2021,1,1,1,0,2020,2022,2,-1,1,0,0,0,0,0,0,0,0,0,0,0,0,0,1,0,0,0,0,0,0,0,0,0,0,0
44,1,5,2019,3,1,5,0,2019,2022,3,8,0,0,0,0,0,0,0,0,0,0,1,0,0,0,0,0,0,0,0,0,0,0,0,1,0,0
45,1,6,2020,2,1,6,0,2020,2022,2,16,0,0,0,0,0,0,0,0,1,0,0,0,0,0,0,0,0,0,0,0,0,0,1,0,0,0
46,1,3,2022,0,1,1,3,2020,2022,2,3,0,0,0,0,0,0,0,1,0,0,0,0,0,0,0,0,0,0,0,0,0,1,0,0,0,0
47,1,8,2018,4,1,1,0,2017,2022,5,4,0,1,0,0,0,0,0,0,0,0,0,0,0,0,0,0,0,0,0,0,0,1,0,0,0,0
48,1,3,2021,1,1,4,0,2021,2022,1,2,0,0,0,0,0,0,0,0,0,0,1,0,0,0,0,0,0,0,0,0,1,0,0,0,0,0
49,1,1,2019,3,1,1,0,2018,2022,4,6,0,0,1,0,0,0,0,0,0,0,0,0,0,0,1,0,0,0,0,0,0,0,0,0,0,0
50,1,8,2021,1,1,8,0,2020,2022,2,22,0,0,0,0,0,0,0,0,0,1,0,0,0,0,0,0,0,0,0,0,1,0,0,0,0,0
51,1,12,2020,2,1,1,3,2019,2022,3,7,0,0,1,0,0,0,0,0,0,0,0,0,0,0,0,0,1,0,0,0,0,0,0,0,0,0
52,1,1,2021,1,1,1,0,2020,2022,2,12,0,0,0,1,0,0,0,0,0,0,0,0,0,0,0,0,0,0,0,0,1,0,0,0,0,0
53,1,4,2017,5,1,1,0,2013,2022,9,10,0,0,0,0,0,0,1,0,0,0,0,0,0,0,0,0,0,0,0,0,0,1,0,0,0,0
54,1,12,2021,1,1,9,3,2019,2022,3,23,0,0,1,0,0,0,0,0,0,0,0,0,0,0,0,0,0,0,0,0,0,1,0,0,0,0
55,1,12,2020,2,1,5,3,2019,2022,3,8,0,0,1,0,0,0,0,0,0,0,0,0,0,0,0,0,0,0,0,0,0,1,0,0,0,0
56,1,8,2021,1,1,6,0,2021,2022,1,4,0,0,0,0,0,1,0,0,0,0,0,0,0,0,0,0,1,0,0,0,0,0,0,0,0,0
57,1,4,2020,2,1,2,0,2019,2022,3,13,0,0,0,0,0,0,0,0,0,0,1,0,0,0,0,0,0,0,0,0,0,0,0,1,0,0
58,1,4,2021,1,1,1,2,2021,2022,1,3,0,0,1,0,0,0,0,0,0,0,0,0,0,0,1,0,0,0,0,0,0,0,0,0,0,0
59,1,8,2019,3,1,1,0,2018,2022,4,-1,0,0,0,0,0,0,0,0,1,0,0,0,0,0,0,0,0,1,0,0,0,0,0,0,0,0
60,1,12,2019,3,1,1,2,2018,2022,4,-1,0,0,1,0,0,0,0,0,0,0,0,0,0,0,0,0,1,0,0,0,0,0,0,0,0,0
61,1,2,2021,1,1,4,2,2020,2022,2,10,0,0,0,0,0,0,0,1,0,0,0,0,0,0,0,0,0,0,0,0,1,0,0,0,0,0
62,0,5,2018,4,0,1,0,-1,-1,0,38,0,0,0,0,1,0,0,0,0,0,0,0,0,0,0,0,0,0,0,0,0,0,0,0,0,1
63,1,6,2020,2,1,6,0,2018,2022,4,-1,0,0,1,0,0,0,0,0,0,0,0,0,0,0,0,0,1,0,0,0,0,0,0,0,0,0
64,1,8,2021,1,1,8,0,2017,2022,5,26,0,0,0,0,1,0,0,0,0,0,0,0,0,0,0,0,0,0,1,0,0,0,0,0,0,0
65,1,2,2021,1,1,3,0,2019,2022,3,6,0,0,1,0,0,0,0,0,0,0,0,0,0,0,0,0,1,0,0,0,0,0,0,0,0,0
66,1,1,2020,2,1,12,2,2018,2022,4,3,0,0,0,0,0,0,0,0,0,0,0,0,0,1,0,0,1,0,0,0,0,0,0,0,0,0
67,1,2,2018,4,1,1,0,2017,2022,5,6,1,0,0,0,0,0,0,0,0,0,0,0,0,0,0,0,1,0,0,0,0,0,0,0,0,0
68,1,9,2021,1,1,9,0,2020,2022,2,-1,0,0,0,0,0,0,0,0,0,0,1,0,0,0,0,0,1,0,0,0,0,0,0,0,0,0
69,1,8,2020,2,1,6,0,2016,2022,6,20,0,0,0,0,0,0,0,0,0,0,1,0,0,0,0,0,0,0,0,0,0,0,0,1,0,0
70,0,1,2018,4,0,1,0,2017,2022,5,2,0,0,0,0,1,0,0,0,0,0,0,0,0,0,0,0,0,0,0,0,0,0,1,0,0,0
71,0,1,2015,7,0,1,0,2013,2022,9,9,0,0,0,0,0,0,0,1,0,0,0,0,0,0,0,0,0,0,0,0,0,1,0,0,0,0
72,1,6,2021,1,1,3,0,2020,2022,2,13,0,0,0,0,0,0,0,1,0,0,0,0,0,0,0,0,0,0,0,0,0,1,0,0,0,0
73,1,1,2020,2,1,2,0,2019,2022,3,8,0,0,0,0,0,0,0,0,0,0,0,0,0,1,0,0,0,0,0,0,0,1,0,0,0,0
74,1,8,2020,2,1,13,0,2019,2022,3,11,0,0,0,0,0,0,0,1,0,0,0,0,0,0,0,0,0,0,0,0,0,1,0,0,0,0
75,1,2,2021,1,1,2,0,2016,2022,6,8,0,0,0,0,0,0,0,1,0,0,0,0,0,0,0,0,0,0,0,0,0,1,0,0,0,0
76,1,5,2021,1,1,1,0,2021,2022,1,0,0,0,1,0,0,0,0,0,0,0,0,0,0,0,0,1,0,0,0,0,0,0,0,0,0,0
77,1,12,2018,4,1,6,0,2013,2018,5,15,0,0,1,0,0,0,0,0,0,0,0,0,0,0,0,0,0,0,0,0,0,1,0,0,0,0
78,1,3,2021,1,1,1,0,2018,2021,3,5,0,0,1,0,0,0,0,0,0,0,0,0,0,0,1,0,0,0,0,0,0,0,0,0,0,0
79,1,1,2020,2,1,2,2,2018,2020,2,6,0,0,0,0,0,0,0,0,0,0,1,0,0,0,0,0,0,0,0,0,0,1,0,0,0,0
80,1,5,2019,3,1,1,0,2019,2019,0,7,0,0,0,0,0,0,0,0,1,0,0,0,0,0,0,0,0,0,0,0,0,1,0,0,0,0
81,1,5,2021,1,1,2,2,2019,2022,3,-1,0,0,1,0,0,0,0,0,0,0,0,0,0,0,0,0,0,1,0,0,0,0,0,0,0,0
82,1,12,2021,1,1,1,0,2019,2021,2,3,0,0,1,0,0,0,0,0,0,0,0,0,0,0,0,0,0,0,1,0,0,0,0,0,0,0
83,1,5,2020,2,1,2,0,2019,2019,0,8,0,0,0,0,0,0,0,1,0,0,0,0,0,0,0,0,0,0,0,0,0,0,1,0,0,0
84,1,1,2019,3,1,1,0,2018,2019,1,7,0,0,1,0,0,0,0,0,0,0,0,0,0,0,0,0,1,0,0,0,0,0,0,0,0,0
85,1,3,2020,2,1,2,0,2018,2020,2,8,0,0,0,0,0,0,0,0,0,0,1,0,0,0,0,0,0,0,0,0,0,1,0,0,0,0
86,1,1,2017,5,1,4,2,2014,2017,3,8,0,0,0,0,0,0,1,0,0,0,0,0,0,0,0,0,0,0,0,0,1,0,0,0,0,0
87,1,12,2018,4,1,1,3,2021,2022,1,-1,0,0,1,0,0,0,0,0,0,0,0,0,0,0,0,0,0,0,0,0,0,0,0,0,0,1
88,1,5,2021,1,1,1,0,2020,2021,1,10,0,0,0,0,0,0,0,1,0,0,0,0,0,0,0,0,0,0,0,0,0,1,0,0,0,0
89,1,8,2021,1,1,1,0,2015,2021,6,28,0,0,0,0,0,0,0,0,0,0,0,0,0,1,0,0,0,0,0,0,0,1,0,0,0,0
90,1,1,2021,1,1,1,0,2020,2020,0,2,0,0,0,0,0,0,0,0,0,0,0,0,1,0,0,0,0,0,0,0,0,0,0,0,1,0
91,1,3,2017,5,1,3,3,2016,2022,6,11,0,0,0,0,0,0,0,1,0,0,0,0,0,0,0,0,0,0,0,0,0,1,0,0,0,0
92,1,1,2016,6,1,2,2,2015,2022,7,10,0,0,0,0,0,0,0,1,0,0,0,0,0,0,0,0,0,0,0,0,0,1,0,0,0,0
93,1,1,2020,2,1,1,0,2020,2022,2,10,0,0,1,0,0,0,0,0,0,0,0,0,0,0,0,0,0,0,0,0,0,0,0,0,0,1
94,1,8,2021,1,1,1,0,2019,2022,3,17,0,0,1,0,0,0,0,0,0,0,0,0,0,0,0,0,0,0,0,0,0,0,0,0,0,1
95,1,6,2009,13,1,3,0,2014,2022,8,-1,0,0,1,0,0,0,0,0,0,0,0,0,0,0,0,0,0,0,0,0,0,1,0,0,0,0
96,1,4,2021,1,1,1,0,2020,2022,2,5,0,0,0,0,0,0,0,1,0,0,0,0,0,0,0,0,0,0,0,0,0,1,0,0,0,0
97,1,6,2020,2,1,5,0,2019,2022,3,20,0,0,0,0,0,0,0,0,1,0,0,0,0,0,0,0,0,0,0,0,0,0,1,0,0,0
98,1,1,2021,1,1,2,3,2018,2022,4,12,0,0,0,0,0,0,1,0,0,0,0,0,0,0,0,0,0,0,0,0,0,0,0,0,1,0
99,1,6,2017,5,1,3,0,2016,2022,6,20,0,0,0,0,1,0,0,0,0,0,0,0,0,0,0,0,0,0,0,0,0,0,0,0,0,1
100,1,2,2019,3,1,1,0,2018,2022,4,9,0,0,0,0,0,0,0,1,0,0,0,0,0,0,0,0,0,0,0,0,0,1,0,0,0,0
101,1,1,2021,1,1,9,0,2020,2022,2,10,0,0,0,0,0,0,0,0,0,0,1,0,0,0,0,0,0,0,0,0,0,0,0,1,0,0
102,1,6,1996,26,1,1,0,2014,2022,8,29,0,0,0,0,0,0,0,0,0,1,0,0,0,0,0,0,0,0,1,0,0,0,0,0,0,0
103,1,2,2019,3,1,2,0,2016,2022,6,10,0,0,0,0,0,0,0,1,0,0,0,0,0,0,0,0,0,0,0,0,0,1,0,0,0,0
104,1,8,2020,2,1,2,0,2017,2022,5,15,0,0,0,0,0,0,0,1,0,0,0,0,0,0,0,0,0,0,0,0,0,0,0,0,1,0
105,0,1,2018,4,0,1,0,2014,2022,8,7,0,0,0,0,0,0,0,1,0,0,0,0,0,0,0,0,0,0,0,0,0,1,0,0,0,0
106,0,1,2021,1,0,2,1,2021,2021,0,0,0,0,0,1,0,0,0,0,0,0,0,0,0,0,0,0,0,0,0,0,0,1,0,0,0,0
107,1,9,2021,1,1,1,0,2019,2022,3,3,0,0,1,0,0,0,0,0,0,0,0,0,0,0,0,0,0,0,0,0,0,0,0,0,0,1
108,1,1,2017,5,1,1,0,2015,2017,2,9,0,0,0,0,0,0,0,1,0,0,0,0,0,0,0,0,0,0,0,0,0,1,0,0,0,0
109,1,1,2020,2,1,2,0,2019,2020,1,8,0,0,0,0,0,0,0,0,1,0,0,0,0,0,0,0,0,0,0,0,0,0,1,0,0,0
110,1,2,2019,3,1,1,0,2019,2022,3,7,0,0,0,0,0,0,0,0,0,0,0,0,1,0,0,0,0,0,0,0,0,0,0,0,0,1
111,1,1,2021,1,1,1,0,2021,2022,1,11,0,0,0,0,0,0,0,0,0,0,0,0,0,1,0,0,0,0,0,0,0,1,0,0,0,0
112,1,1,2019,3,1,1,3,2018,2022,4,5,0,0,0,0,0,0,0,1,0,0,0,0,0,0,0,0,0,0,0,0,0,1,0,0,0,0
113,1,6,2021,1,1,4,3,2019,2022,3,8,0,0,0,0,0,0,0,0,0,0,1,0,0,0,0,0,0,0,0,0,1,0,0,0,0,0
114,1,1,2020,2,1,1,2,2019,2022,3,3,0,0,0,0,0,0,0,1,0,0,0,0,0,0,0,0,1,0,0,0,0,0,0,0,0,0
115,1,2,2016,6,1,1,3,2011,2022,11,11,0,0,0,0,0,0,0,1,0,0,0,0,0,0,0,0,0,0,0,0,0,1,0,0,0,0
116,1,2,2021,1,1,2,0,2017,2022,5,-1,0,0,0,0,0,0,0,0,0,0,1,0,0,0,0,0,0,0,0,0,0,0,0,1,0,0
117,1,2,2021,1,1,1,0,2019,2022,3,7,0,0,0,0,0,0,0,1,0,0,0,0,0,0,0,0,0,0,0,0,0,1,0,0,0,0
118,1,1,2022,0,1,1,0,2020,2022,2,9,0,0,0,0,0,0,0,1,0,0,0,0,0,0,0,0,0,0,0,0,0,1,0,0,0,0
119,1,2,2018,4,1,3,0,2016,2022,6,3,0,0,1,0,0,0,0,0,0,0,0,0,0,0,0,0,1,0,0,0,0,0,0,0,0,0
120,1,1,2020,2,1,4,0,2019,2022,3,16,0,0,0,0,1,0,0,0,0,0,0,0,0,0,0,0,0,0,0,0,1,0,0,0,0,0
121,1,1,2019,3,1,4,0,2018,2022,4,10,0,0,0,0,0,0,0,1,0,0,0,0,0,0,0,0,0,0,0,0,1,0,0,0,0,0
122,1,3,2021,1,1,3,2,2020,2022,2,3,0,0,0,0,0,0,0,0,0,0,1,0,0,0,0,0,0,0,0,0,0,0,0,1,0,0
123,1,2,2017,5,1,2,0,2016,2022,6,13,0,0,0,0,0,0,0,0,0,0,1,0,0,0,0,0,0,0,0,0,0,0,0,1,0,0
124,1,1,2021,1,1,1,0,2019,2022,3,7,0,0,0,0,0,0,0,1,0,0,0,0,0,0,0,0,0,0,0,0,0,1,0,0,0,0
125,1,1,2016,6,1,3,3,2015,2022,7,15,0,0,0,0,0,0,1,0,0,0,0,0,0,0,0,0,0,0,0,0,0,0,0,1,0,0
126,1,3,2021,1,1,1,0,2020,2022,2,6,0,0,0,0,1,0,0,0,0,0,0,0,0,0,0,0,0,0,0,0,0,1,0,0,0,0
127,1,1,2016,6,1,1,0,2015,2022,7,7,0,0,0,0,0,0,0,1,0,0,0,0,0,0,0,0,0,1,0,0,0,0,0,0,0,0
128,1,1,2019,3,1,4,0,2018,2022,4,10,0,0,0,0,0,0,0,1,0,0,0,0,0,0,0,0,0,0,0,0,1,0,0,0,0,0
129,1,5,2020,2,1,5,0,2019,2022,3,12,0,0,0,0,0,0,0,0,0,0,1,0,0,0,0,0,1,0,0,0,0,0,0,0,0,0
130,1,1,2020,2,1,1,0,2018,2022,4,11,0,0,0,0,0,0,0,1,0,0,0,0,0,0,0,0,0,0,0,0,0,1,0,0,0,0
131,1,1,2020,2,1,1,0,2018,2022,4,19,0,0,0,0,0,0,0,1,0,0,0,0,0,0,0,0,0,0,0,0,0,1,0,0,0,0
132,1,1,2019,3,1,1,3,2017,2022,5,10,0,0,1,0,0,0,0,0,0,0,0,0,0,0,0,0,1,0,0,0,0,0,0,0,0,0
133,1,1,2021,1,1,1,2,2020,2022,2,5,0,0,0,0,0,0,0,0,0,1,0,0,0,0,0,0,0,0,0,0,0,1,0,0,0,0
134,1,12,2021,1,1,1,2,2021,2022,1,-1,0,0,1,0,0,0,0,0,0,0,0,0,0,0,0,0,0,0,0,0,0,1,0,0,0,0
135,1,4,2021,1,1,1,0,2020,2022,2,-1,0,0,0,0,0,1,0,0,0,0,0,0,0,0,0,0,0,0,0,0,0,0,0,0,0,1
136,1,4,2021,1,1,1,0,2019,2022,3,4,0,0,0,0,0,0,0,1,0,0,0,0,0,0,0,0,0,1,0,0,0,0,0,0,0,0
137,0,3,2014,8,0,6,0,2012,2022,10,-1,0,0,1,0,0,0,0,0,0,0,0,0,0,0,0,0,1,0,0,0,0,0,0,0,0,0
138,1,1,2021,1,1,1,0,2020,2022,2,4,0,0,0,0,0,0,0,1,0,0,0,0,0,0,0,0,0,0,0,1,0,0,0,0,0,0
139,1,4,2020,2,1,4,0,2020,2022,2,10,0,0,0,0,0,0,0,1,0,0,0,0,0,0,0,0,0,0,0,0,1,0,0,0,0,0
140,0,1,2019,3,0,1,0,2018,2022,4,4,0,0,1,0,0,0,0,0,0,0,0,0,0,0,0,0,1,0,0,0,0,0,0,0,0,0
141,1,6,2021,1,1,6,0,2019,2022,3,13,0,0,0,0,0,0,0,0,1,0,0,0,0,0,0,0,0,0,0,0,0,0,1,0,0,0
142,1,1,2021,1,1,3,0,2021,2022,1,10,0,0,1,0,0,0,0,0,0,0,0,0,0,0,0,0,0,0,0,1,0,0,0,0,0,0
143,1,2,2020,2,1,1,0,2019,2022,3,9,0,0,0,0,0,1,0,0,0,0,0,0,0,0,0,0,0,0,0,0,0,0,0,0,0,1
144,1,5,2020,2,1,3,0,2018,2022,4,12,1,0,0,0,0,0,0,0,0,0,0,0,0,0,0,0,1,0,0,0,0,0,0,0,0,0
145,1,1,2016,6,1,8,0,2016,2022,6,24,0,0,0,0,0,0,0,0,0,0,0,0,0,1,0,0,0,0,0,1,0,0,0,0,0,0
146,1,3,2021,1,1,3,0,2020,2022,2,6,0,0,0,0,0,0,0,0,1,0,0,0,0,0,0,0,0,0,0,0,0,0,1,0,0,0
147,1,2,2022,0,1,2,0,2021,2022,1,8,0,0,0,0,0,0,0,1,0,0,0,0,0,0,0,0,0,0,0,0,0,1,0,0,0,0
148,1,5,2021,1,1,5,0,2020,2021,1,19,0,0,0,0,0,0,0,0,0,0,1,0,0,0,0,0,0,0,0,0,0,0,0,0,0,1
149,1,3,2020,2,1,1,0,2020,2020,0,5,0,0,1,0,0,0,0,0,0,0,0,0,0,0,0,0,0,0,0,0,0,1,0,0,0,0
150,1,3,2021,1,1,4,0,2020,2021,1,6,0,0,0,0,1,0,0,0,0,0,0,0,0,0,0,0,0,0,0,0,1,0,0,0,0,0
151,1,3,2021,1,1,3,0,2020,2021,1,12,0,0,0,0,0,0,0,1,0,0,0,0,0,0,0,0,0,0,0,0,0,1,0,0,0,0
152,1,3,2019,3,1,1,0,2018,2018,0,7,0,0,0,0,0,1,0,0,0,0,0,0,0,0,0,0,0,0,1,0,0,0,0,0,0,0
153,1,2,2018,4,1,1,0,2016,2018,2,9,1,0,0,0,0,0,0,0,0,0,0,0,0,0,1,0,0,0,0,0,0,0,0,0,0,0
154,1,3,2021,1,1,2,0,2020,2020,0,-1,0,0,0,0,0,1,0,0,0,0,0,0,0,0,0,0,0,0,0,1,0,0,0,0,0,0
155,1,4,2021,1,1,5,2,2019,2021,2,10,0,0,0,0,0,1,0,0,0,0,0,0,0,0,0,0,1,0,0,0,0,0,0,0,0,0
156,1,9,2021,1,1,9,2,2019,2021,2,20,0,0,0,0,0,0,0,0,0,1,0,0,0,0,0,0,1,0,0,0,0,0,0,0,0,0
157,1,2,2021,1,1,2,0,2014,2021,7,1,0,0,0,0,0,0,0,1,0,0,0,0,0,0,0,0,1,0,0,0,0,0,0,0,0,0
158,1,5,2020,2,1,1,0,2019,2020,1,6,0,0,1,0,0,0,0,0,0,0,0,0,0,0,0,0,1,0,0,0,0,0,0,0,0,0
159,1,2,2021,1,1,3,0,2020,2021,1,7,0,0,0,0,0,0,0,0,1,0,0,0,0,0,0,0,0,0,0,0,0,0,1,0,0,0
160,1,1,2021,1,1,1,2,2019,2020,1,3,0,0,1,0,0,0,0,0,0,0,0,0,0,0,1,0,0,0,0,0,0,0,0,0,0,0
161,1,1,2021,1,1,3,0,2021,2021,0,7,1,0,0,0,0,0,0,0,0,0,0,0,0,0,0,0,1,0,0,0,0,0,0,0,0,0
162,1,4,2021,1,1,2,0,2019,2021,2,8,0,0,0,0,0,0,0,0,1,0,0,0,0,0,0,0,0,0,0,1,0,0,0,0,0,0
163,1,6,2020,2,1,1,2,2020,2020,0,14,0,0,0,0,0,0,0,0,0,0,1,0,0,0,0,0,0,0,0,0,0,1,0,0,0,0
164,0,1,2017,5,0,1,2,2016,2016,0,6,0,0,0,0,0,0,0,1,0,0,0,0,0,0,0,0,1,0,0,0,0,0,0,0,0,0
165,1,3,2021,1,1,1,0,2020,2021,1,5,0,0,1,0,0,0,0,0,0,0,0,0,0,0,0,0,1,0,0,0,0,0,0,0,0,0
166,1,12,2015,7,1,1,3,2014,2015,1,22,0,0,1,0,0,0,0,0,0,0,0,0,0,0,0,0,0,0,0,0,0,0,0,0,0,1
167,1,2,2019,3,1,2,0,2018,2019,1,13,0,0,0,1,0,0,0,0,0,0,0,0,0,0,0,0,1,0,0,0,0,0,0,0,0,0
168,1,5,2020,2,1,5,0,2018,2020,2,14,0,0,0,0,0,0,0,0,1,0,0,0,0,0,0,0,1,0,0,0,0,0,0,0,0,0
169,1,8,2016,6,1,6,0,2015,2016,1,16,0,0,0,0,1,0,0,0,0,0,0,0,0,0,0,0,0,0,0,0,0,0,1,0,0,0
170,1,4,2021,1,1,3,0,2021,2021,0,6,0,0,0,0,0,0,0,0,0,0,1,0,0,0,0,0,0,0,0,0,0,0,0,1,0,0
171,1,4,2021,1,1,2,0,2019,2021,2,9,0,0,0,0,0,0,0,0,0,0,1,0,0,0,0,0,0,0,0,0,0,0,0,1,0,0
172,1,2,2021,1,1,2,0,2019,2021,2,12,0,0,0,0,0,0,0,0,1,0,0,0,0,0,0,0,0,0,0,0,0,0,1,0,0,0
173,1,1,2021,1,1,1,0,2019,2021,2,1,0,0,0,0,0,1,0,0,0,0,0,0,0,0,0,0,1,0,0,0,0,0,0,0,0,0
174,1,3,2020,2,1,1,0,2017,2020,3,15,0,0,0,0,0,0,0,0,1,0,0,0,0,0,0,0,0,0,0,0,0,0,0,0,0,1
175,1,3,2020,2,1,3,0,2018,2020,2,11,0,0,0,0,0,0,0,1,0,0,0,0,0,0,0,0,0,0,0,0,0,0,1,0,0,0
176,1,3,2021,1,1,1,0,2018,2021,3,13,0,0,0,0,0,0,0,0,0,0,0,0,0,1,0,0,0,1,0,0,0,0,0,0,0,0
177,1,8,2021,1,1,8,0,2019,2021,2,16,0,0,0,0,0,0,0,0,0,1,0,0,0,0,0,0,1,0,0,0,0,0,0,0,0,0
178,1,3,2019,3,1,1,0,2018,2019,1,6,0,0,1,0,0,0,0,0,0,0,0,0,0,0,0,0,0,0,0,0,1,0,0,0,0,0
179,1,5,2019,3,1,6,0,2018,2019,1,26,0,0,0,0,0,0,0,0,1,0,0,0,0,0,0,0,0,0,0,0,1,0,0,0,0,0
180,1,12,2019,3,1,1,2,2016,2017,1,4,0,0,1,0,0,0,0,0,0,0,0,0,0,0,0,0,0,0,0,0,0,0,0,1,0,0
181,1,8,2019,3,1,3,0,2017,2022,5,12,0,0,0,0,0,0,0,1,0,0,0,0,0,0,0,0,0,0,0,0,0,1,0,0,0,0
182,1,3,2022,0,1,4,0,2021,2022,1,9,0,0,1,0,0,0,0,0,0,0,0,0,0,0,0,0,0,0,0,0,1,0,0,0,0,0
183,1,3,2021,1,1,3,0,2019,2020,1,8,0,0,1,0,0,0,0,0,0,0,0,0,0,0,0,0,1,0,0,0,0,0,0,0,0,0
184,1,5,2021,1,1,3,3,2020,2021,1,5,0,0,0,0,0,0,0,0,0,0,1,0,0,0,0,0,0,0,0,0,0,0,0,1,0,0
185,1,12,2020,2,1,12,0,2021,2022,1,10,0,0,1,0,0,0,0,0,0,0,0,0,0,0,0,0,1,0,0,0,0,0,0,0,0,0
186,1,5,2022,0,1,3,0,2020,2021,1,6,0,0,0,0,0,0,0,0,0,0,1,0,0,0,0,0,0,0,0,0,0,0,0,1,0,0
187,1,4,2020,2,1,12,0,2016,2022,6,16,0,0,0,0,0,0,0,0,0,0,1,0,0,0,0,0,1,0,0,0,0,0,0,0,0,0
188,1,3,2021,1,1,2,3,2020,2021,1,10,0,0,0,0,0,0,0,0,0,0,1,0,0,0,0,0,0,0,0,0,0,0,0,1,0,0
189,1,1,2021,1,1,1,0,2021,2021,0,7,0,0,0,0,0,0,0,1,0,0,0,0,0,0,0,0,0,0,0,0,0,1,0,0,0,0
190,1,3,2021,1,1,5,0,2018,2021,3,14,0,0,0,0,0,0,0,1,0,0,0,0,0,0,0,0,0,0,0,0,0,0,0,1,0,0
191,1,3,2021,1,1,3,0,2019,2021,2,6,0,0,0,0,0,0,0,0,1,0,0,0,0,0,0,0,0,0,0,0,0,0,1,0,0,0
192,1,12,2017,5,1,2,0,2015,2016,1,13,0,0,1,0,0,0,0,0,0,0,0,0,0,0,0,0,0,0,0,0,0,0,0,0,0,1
193,1,12,2018,4,1,1,0,2017,2022,5,-1,0,0,1,0,0,0,0,0,0,0,0,0,0,0,0,0,0,0,0,0,0,1,0,0,0,0
194,1,8,2020,2,1,8,3,2019,2022,3,9,0,0,1,0,0,0,0,0,0,0,0,0,0,0,0,0,1,0,0,0,0,0,0,0,0,0
195,1,8,2018,4,1,1,0,2015,2022,7,4,0,1,0,0,0,0,0,0,0,0,0,0,0,0,0,0,0,0,0,0,0,0,0,0,0,1
196,1,8,2009,13,1,9,0,2008,2022,14,-1,0,0,1,0,0,0,0,0,0,0,0,0,0,0,0,0,0,0,0,0,0,0,1,0,0,0
197,1,8,2021,1,1,1,1,2016,2022,6,7,0,0,1,0,0,0,0,0,0,0,0,0,0,0,0,1,0,0,0,0,0,0,0,0,0,0
198,1,1,2020,2,1,1,0,2021,2022,1,7,0,0,0,1,0,0,0,0,0,0,0,0,0,0,0,0,0,0,0,1,0,0,0,0,0,0
199,1,8,2021,1,1,9,0,2020,2022,2,23,0,0,0,0,0,1,0,0,0,0,0,0,0,0,0,0,0,0,0,1,0,0,0,0,0,0
200,1,3,2019,3,1,1,0,2021,2022,1,9,0,0,1,0,0,0,0,0,0,0,0,0,0,0,0,0,0,0,0,0,0,0,0,0,0,1
201,0,1,2017,5,0,2,0,2016,2022,6,8,1,0,0,0,0,0,0,0,0,0,0,0,0,0,0,0,0,0,0,0,0,0,1,0,0,0
202,1,1,2020,2,1,1,0,2020,2022,2,13,0,0,0,0,0,0,0,0,0,0,0,0,0,1,0,0,0,0,0,0,0,0,0,0,0,1
203,1,3,2021,1,1,3,0,2020,2022,2,6,0,0,0,0,0,0,0,0,0,1,0,0,0,0,0,0,1,0,0,0,0,0,0,0,0,0
204,1,8,2020,2,1,12,0,2015,2022,7,16,0,0,0,0,0,1,0,0,0,0,0,0,0,0,0,0,1,0,0,0,0,0,0,0,0,0
205,1,8,2020,2,1,12,0,2017,2022,5,9,0,1,0,0,0,0,0,0,0,0,0,0,0,0,0,0,1,0,0,0,0,0,0,0,0,0
206,1,5,2020,2,1,1,2,2019,2022,3,9,0,0,0,0,0,0,0,0,0,0,1,0,0,0,0,0,0,0,0,0,0,0,0,0,0,1
207,1,5,2018,4,1,8,0,2016,2022,6,10,0,0,0,0,0,1,0,0,0,0,0,0,0,0,0,0,0,0,0,1,0,0,0,0,0,0
208,1,3,2021,1,1,6,2,2015,2022,7,1,0,0,1,0,0,0,0,0,0,0,0,0,0,0,0,0,1,0,0,0,0,0,0,0,0,0
209,0,1,2017,5,0,3,0,2012,2022,10,13,0,0,0,0,0,0,0,1,0,0,0,0,0,0,0,0,0,0,0,0,1,0,0,0,0,0
210,1,8,2021,1,1,1,0,2017,2022,5,21,0,0,1,0,0,0,0,0,0,0,0,0,0,0,0,1,0,0,0,0,0,0,0,0,0,0
211,1,5,2021,1,1,2,2,2018,2022,4,7,0,0,1,0,0,0,0,0,0,0,0,0,0,0,0,0,1,0,0,0,0,0,0,0,0,0
212,1,8,2019,3,1,1,0,2018,2022,4,15,0,0,0,0,0,1,0,0,0,0,0,0,0,0,0,0,0,0,0,0,0,0,0,0,0,1
213,1,12,2019,3,1,5,0,2018,2022,4,-1,0,0,1,0,0,0,0,0,0,0,0,0,0,0,0,0,1,0,0,0,0,0,0,0,0,0
214,1,3,2016,6,1,8,0,2015,2022,7,11,0,0,0,0,0,0,0,0,0,0,1,0,0,0,0,0,0,0,0,0,0,1,0,0,0,0
215,1,1,2019,3,1,1,0,2019,2022,3,12,0,0,0,0,0,1,0,0,0,0,0,0,0,0,0,0,0,0,0,0,0,0,0,0,0,1
216,1,13,2020,2,1,1,0,2018,2022,4,18,0,0,0,0,0,0,0,0,0,0,0,0,0,1,0,0,0,0,0,0,0,0,0,0,0,1
217,0,2,2020,2,0,2,3,2018,2022,4,6,0,0,0,0,0,0,0,0,0,0,0,1,0,0,0,0,0,0,0,0,0,1,0,0,0,0
218,1,6,2020,2,1,6,0,2020,2022,2,-1,0,0,0,0,0,0,0,0,0,0,0,1,0,0,0,0,0,0,0,1,0,0,0,0,0,0
219,1,1,2021,1,1,8,0,2020,2022,2,0,0,0,0,0,0,0,0,0,0,0,0,0,0,1,0,1,0,0,0,0,0,0,0,0,0,0
220,1,1,2021,1,1,1,2,2018,2022,4,2,0,0,0,0,0,0,0,0,0,0,0,0,0,1,0,0,1,0,0,0,0,0,0,0,0,0
221,1,5,2020,2,1,4,0,2018,2022,4,12,0,0,0,0,1,0,0,0,0,0,0,0,0,0,0,0,0,0,0,0,1,0,0,0,0,0
222,1,5,2020,2,1,2,0,2020,2022,2,11,0,0,0,0,0,0,0,1,0,0,0,0,0,0,0,0,0,0,0,0,0,0,1,0,0,0
223,1,1,2015,7,1,1,0,2013,2022,9,-1,0,0,1,0,0,0,0,0,0,0,0,0,0,0,0,0,1,0,0,0,0,0,0,0,0,0
224,1,6,2021,1,1,6,0,2021,2022,1,11,0,0,0,0,0,1,0,0,0,0,0,0,0,0,0,0,0,0,0,1,0,0,0,0,0,0
225,1,5,2020,2,1,1,0,2020,2022,2,9,0,0,0,0,0,1,0,0,0,0,0,0,0,0,0,0,0,0,0,0,0,0,0,0,0,1
226,1,3,2021,1,1,4,2,2019,2022,3,11,0,0,0,0,0,0,0,0,0,1,0,0,0,0,0,0,0,0,0,0,1,0,0,0,0,0
227,1,6,2021,1,1,6,0,2020,2022,2,9,0,0,0,0,0,0,0,0,0,0,1,0,0,0,0,0,0,0,0,0,0,0,0,1,0,0
228,1,1,2019,3,1,1,0,2019,2022,3,6,0,0,0,0,0,0,0,1,0,0,0,0,0,0,0,0,0,0,0,0,0,1,0,0,0,0
